Size,ArrayType,Algorithm,TimeMs,Comparisons
100,Random,MergeSort,0.046559,1182
100,Random,QuickSort,0.0046916,687
100,Random,StringMergeSort,0.029068,610
100,Random,StringQuickSort,0.00335,717
100,Random,MSD,0.0294118,364
100,Random,MSD_QS,0.0066342,306
100,Reverse,MergeSort,0.0270708,1785
100,Reverse,QuickSort,0.0147588,6621
100,Reverse,StringMergeSort,0.0249702,595
100,Reverse,StringQuickSort,0.0042838,1192
100,Reverse,MSD,0.0307678,478
100,Reverse,MSD_QS,0.0137926,1548
100,NearlySorted,MergeSort,0.0308296,1083
100,NearlySorted,QuickSort,0.0177618,6153
100,NearlySorted,StringMergeSort,0.0383178,791
100,NearlySorted,StringQuickSort,0.004647,948
100,NearlySorted,MSD,0.0259942,444
100,NearlySorted,MSD_QS,0.0113658,880
100,CommonPrefix,MergeSort,0.0464804,16348
100,CommonPrefix,QuickSort,0.0079018,9202
100,CommonPrefix,StringMergeSort,0.041119,8214
100,CommonPrefix,StringQuickSort,0.008474,2234
100,CommonPrefix,MSD,0.0700564,3146
100,CommonPrefix,MSD_QS,0.06021,3111
200,Random,MergeSort,0.109602,2968
200,Random,QuickSort,0.0143986,1907
200,Random,StringMergeSort,0.0961692,1504
200,Random,StringQuickSort,0.0078062,1697
200,Random,MSD,0.0594602,798
200,Random,MSD_QS,0.0131666,722
200,Reverse,MergeSort,0.0731626,3963
200,Reverse,QuickSort,0.0497828,23697
200,Reverse,StringMergeSort,0.07188,1321
200,Reverse,StringQuickSort,0.0098182,2753
200,Reverse,MSD,0.051969,958
200,Reverse,MSD_QS,0.0212904,3498
200,NearlySorted,MergeSort,0.0660334,2596
200,NearlySorted,QuickSort,0.0519508,16735
200,NearlySorted,StringMergeSort,0.0645136,1798
200,NearlySorted,StringQuickSort,0.0074148,2164
200,NearlySorted,MSD,0.0397552,926
200,NearlySorted,MSD_QS,0.01571,1711
200,CommonPrefix,MergeSort,0.0894998,38842
200,CommonPrefix,QuickSort,0.0193816,24452
200,CommonPrefix,StringMergeSort,0.0823606,19422
200,CommonPrefix,StringQuickSort,0.0103062,4479
200,CommonPrefix,MSD,0.111651,6372
200,CommonPrefix,MSD_QS,0.0836444,6333
300,Random,MergeSort,0.137899,4980
300,Random,QuickSort,0.0187608,3149
300,Random,StringMergeSort,0.122908,2542
300,Random,StringQuickSort,0.0129156,2632
300,Random,MSD,0.0707288,1232
300,Random,MSD_QS,0.020401,1213
300,Reverse,MergeSort,0.161894,6261
300,Reverse,QuickSort,0.200381,50508
300,Reverse,StringMergeSort,0.151716,2087
300,Reverse,StringQuickSort,0.0184852,4626
300,Reverse,MSD,0.066902,1446
300,Reverse,MSD_QS,0.034208,5258
300,NearlySorted,MergeSort,0.12146,3896
300,NearlySorted,QuickSort,0.164364,42186
300,NearlySorted,StringMergeSort,0.117795,2740
300,NearlySorted,StringQuickSort,0.0205114,3842
300,NearlySorted,MSD,0.0678234,1422
300,NearlySorted,MSD_QS,0.0368746,2664
300,CommonPrefix,MergeSort,0.15445,63135
300,CommonPrefix,QuickSort,0.0343312,38472
300,CommonPrefix,StringMergeSort,0.144003,31969
300,CommonPrefix,StringQuickSort,0.0162958,6680
300,CommonPrefix,MSD,0.173779,9624
300,CommonPrefix,MSD_QS,0.115024,9626
400,Random,MergeSort,0.195301,7234
400,Random,QuickSort,0.0272678,4222
400,Random,StringMergeSort,0.181241,3654
400,Random,StringQuickSort,0.0199822,3494
400,Random,MSD,0.0844812,1646
400,Random,MSD_QS,0.0253902,1756
400,Reverse,MergeSort,0.168084,8505
400,Reverse,QuickSort,0.202773,87489
400,Reverse,StringMergeSort,0.160341,2835
400,Reverse,StringQuickSort,0.0251016,6738
400,Reverse,MSD,0.0907178,1920
400,Reverse,MSD_QS,0.0443992,7051
400,NearlySorted,MergeSort,0.159051,5592
400,NearlySorted,QuickSort,0.250442,77791
400,NearlySorted,StringMergeSort,0.166839,3918
400,NearlySorted,StringQuickSort,0.0227968,5696
400,NearlySorted,MSD,0.0864902,1908
400,NearlySorted,MSD_QS,0.033773,3581
400,CommonPrefix,MergeSort,0.221705,89416
400,CommonPrefix,QuickSort,0.0491866,57761
400,CommonPrefix,StringMergeSort,0.205243,45028
400,CommonPrefix,StringQuickSort,0.0250466,9650
400,CommonPrefix,MSD,0.215712,12840
400,CommonPrefix,MSD_QS,0.152249,12943
500,Random,MergeSort,0.248252,9623
500,Random,QuickSort,0.0410752,5988
500,Random,StringMergeSort,0.278469,4869
500,Random,StringQuickSort,0.0318438,4419
500,Random,MSD,0.0998032,2080
500,Random,MSD_QS,0.0342604,2327
500,Reverse,MergeSort,0.230632,11166
500,Reverse,QuickSort,0.287114,134696
500,Reverse,StringMergeSort,0.308323,3722
500,Reverse,StringQuickSort,0.0490158,9176
500,Reverse,MSD,0.154711,2400
500,Reverse,MSD_QS,0.0728372,9044
500,NearlySorted,MergeSort,0.278649,6899
500,NearlySorted,QuickSort,0.284747,75503
500,NearlySorted,StringMergeSort,0.226305,4785
500,NearlySorted,StringQuickSort,0.0260196,7430
500,NearlySorted,MSD,0.102034,2376
500,NearlySorted,MSD_QS,0.039588,4410
500,CommonPrefix,MergeSort,0.273323,117497
500,CommonPrefix,QuickSort,0.06003,70022
500,CommonPrefix,StringMergeSort,0.249466,59035
500,CommonPrefix,StringQuickSort,0.0295436,12232
500,CommonPrefix,MSD,0.24659,16068
500,CommonPrefix,MSD_QS,0.185761,16326
600,Random,MergeSort,0.409821,12119
600,Random,QuickSort,0.0539724,7384
600,Random,StringMergeSort,0.581284,6137
600,Random,StringQuickSort,0.0509174,6349
600,Random,MSD,0.266866,2526
600,Random,MSD_QS,0.0713642,2936
600,Reverse,MergeSort,0.304021,13485
600,Reverse,QuickSort,0.392581,191974
600,Reverse,StringMergeSort,0.280642,4495
600,Reverse,StringQuickSort,0.043813,12041
600,Reverse,MSD,0.134651,2918
600,Reverse,MSD_QS,0.0678604,10992
600,NearlySorted,MergeSort,0.26521,8505
600,NearlySorted,QuickSort,0.55054,129767
600,NearlySorted,StringMergeSort,0.263633,6015
600,NearlySorted,StringQuickSort,0.0365114,9365
600,NearlySorted,MSD,0.123881,2850
600,NearlySorted,MSD_QS,0.0448538,5353
600,CommonPrefix,MergeSort,0.387698,144866
600,CommonPrefix,QuickSort,0.105599,84260
600,CommonPrefix,StringMergeSort,0.45342,73482
600,CommonPrefix,StringQuickSort,0.0551134,14244
600,CommonPrefix,MSD,0.348289,19308
600,CommonPrefix,MSD_QS,0.230777,19738
700,Random,MergeSort,0.371671,14613
700,Random,QuickSort,0.0552526,8947
700,Random,StringMergeSort,0.342526,7453
700,Random,StringQuickSort,0.0386534,6751
700,Random,MSD,0.126756,2958
700,Random,MSD_QS,0.0472574,3575
700,Reverse,MergeSort,0.404206,15585
700,Reverse,QuickSort,0.556426,259261
700,Reverse,StringMergeSort,0.317223,5195
700,Reverse,StringQuickSort,0.0568142,15333
700,Reverse,MSD,0.149823,3388
700,Reverse,MSD_QS,0.0755434,13232
700,NearlySorted,MergeSort,0.306176,10658
700,NearlySorted,QuickSort,0.205566,81404
700,NearlySorted,StringMergeSort,0.355305,7372
700,NearlySorted,StringQuickSort,0.0427524,11749
700,NearlySorted,MSD,0.14198,3334
700,NearlySorted,MSD_QS,0.0510198,6212
700,CommonPrefix,MergeSort,0.652254,173346
700,CommonPrefix,QuickSort,0.10925,103288
700,CommonPrefix,StringMergeSort,0.387848,87944
700,CommonPrefix,StringQuickSort,0.0474282,17207
700,CommonPrefix,MSD,0.346518,22566
700,CommonPrefix,MSD_QS,0.251404,23161
800,Random,MergeSort,0.434517,17367
800,Random,QuickSort,0.0812966,12003
800,Random,StringMergeSort,0.465462,8783
800,Random,StringQuickSort,0.0558532,7894
800,Random,MSD,0.143624,3396
800,Random,MSD_QS,0.055521,4277
800,Reverse,MergeSort,0.381775,18429
800,Reverse,QuickSort,0.73686,335992
800,Reverse,StringMergeSort,0.375842,6143
800,Reverse,StringQuickSort,0.0647322,17357
800,Reverse,MSD,0.179617,3882
800,Reverse,MSD_QS,0.0871204,14945
800,NearlySorted,MergeSort,0.362237,12638
800,NearlySorted,QuickSort,0.312662,143201
800,NearlySorted,StringMergeSort,0.355669,8598
800,NearlySorted,StringQuickSort,0.050295,14491
800,NearlySorted,MSD,0.159724,3814
800,NearlySorted,MSD_QS,0.0600376,7024
800,CommonPrefix,MergeSort,0.485624,204066
800,CommonPrefix,QuickSort,0.118063,140455
800,CommonPrefix,StringMergeSort,0.459144,103002
800,CommonPrefix,StringQuickSort,0.0614194,19877
800,CommonPrefix,MSD,0.44543,25824
800,CommonPrefix,MSD_QS,0.44422,26646
900,Random,MergeSort,0.515871,20027
900,Random,QuickSort,0.089025,14285
900,Random,StringMergeSort,0.495572,10133
900,Random,StringQuickSort,0.0619104,10233
900,Random,MSD,0.165648,3836
900,Random,MSD_QS,0.0642018,4979
900,Reverse,MergeSort,0.457865,20991
900,Reverse,QuickSort,1.06893,423127
900,Reverse,StringMergeSort,0.446317,6997
900,Reverse,StringQuickSort,0.0805406,20565
900,Reverse,MSD,0.203327,4358
900,Reverse,MSD_QS,0.0995564,16995
900,NearlySorted,MergeSort,0.443856,13705
900,NearlySorted,QuickSort,0.57883,226096
900,NearlySorted,StringMergeSort,0.474056,9473
900,NearlySorted,StringQuickSort,0.0751274,17433
900,NearlySorted,MSD,0.211634,4294
900,NearlySorted,MSD_QS,0.0737214,7958
900,CommonPrefix,MergeSort,0.81637,233571
900,CommonPrefix,QuickSort,0.165226,137470
900,CommonPrefix,StringMergeSort,0.871303,118195
900,CommonPrefix,StringQuickSort,0.094506,22106
900,CommonPrefix,MSD,0.564031,29072
900,CommonPrefix,MSD_QS,0.533568,30065
1000,Random,MergeSort,0.627672,22979
1000,Random,QuickSort,0.0953106,13934
1000,Random,StringMergeSort,0.544115,11571
1000,Random,StringQuickSort,0.0692258,10818
1000,Random,MSD,0.196686,4286
1000,Random,MSD_QS,0.102734,5686
1000,Reverse,MergeSort,1.04285,24150
1000,Reverse,QuickSort,1.11733,519831
1000,Reverse,StringMergeSort,0.752975,8050
1000,Reverse,StringQuickSort,0.115228,24323
1000,Reverse,MSD,0.240985,4836
1000,Reverse,MSD_QS,0.114745,18763
1000,NearlySorted,MergeSort,0.489448,16110
1000,NearlySorted,QuickSort,0.782034,268401
1000,NearlySorted,StringMergeSort,0.498374,10750
1000,NearlySorted,StringQuickSort,0.0734836,20803
1000,NearlySorted,MSD,0.199405,4770
1000,NearlySorted,MSD_QS,0.0732202,8801
1000,CommonPrefix,MergeSort,0.669668,266969
1000,CommonPrefix,QuickSort,0.146664,157848
1000,CommonPrefix,StringMergeSort,0.619037,133795
1000,CommonPrefix,StringQuickSort,0.07615,24751
1000,CommonPrefix,MSD,0.505892,32322
1000,CommonPrefix,MSD_QS,0.378758,33582
1100,Random,MergeSort,0.65554,25960
1100,Random,QuickSort,0.105449,15797
1100,Random,StringMergeSort,0.636637,13094
1100,Random,StringQuickSort,0.0775758,11909
1100,Random,MSD,0.202072,4748
1100,Random,MSD_QS,0.0833642,6473
1100,Reverse,MergeSort,0.59555,26133
1100,Reverse,QuickSort,1.44448,626810
1100,Reverse,StringMergeSort,0.59048,8711
1100,Reverse,StringQuickSort,0.150959,27811
1100,Reverse,MSD,0.27501,5326
1100,Reverse,MSD_QS,0.118745,20600
1100,NearlySorted,MergeSort,0.571639,17773
1100,NearlySorted,QuickSort,1.09515,321400
1100,NearlySorted,StringMergeSort,0.593126,12063
1100,NearlySorted,StringQuickSort,0.0886302,23600
1100,NearlySorted,MSD,0.229392,5274
1100,NearlySorted,MSD_QS,0.0834032,9733
1100,CommonPrefix,MergeSort,0.751739,296692
1100,CommonPrefix,QuickSort,0.289162,191932
1100,CommonPrefix,StringMergeSort,0.888215,149722
1100,CommonPrefix,StringQuickSort,0.0812666,26858
1100,CommonPrefix,MSD,0.550979,35590
1100,CommonPrefix,MSD_QS,0.395041,37155
1200,Random,MergeSort,0.858659,28723
1200,Random,QuickSort,0.146912,17645
1200,Random,StringMergeSort,0.648024,14549
1200,Random,StringQuickSort,0.0751492,12451
1200,Random,MSD,0.206682,5196
1200,Random,MSD_QS,0.0845452,7154
1200,Reverse,MergeSort,0.605626,28638
1200,Reverse,QuickSort,1.58725,743634
1200,Reverse,StringMergeSort,0.611738,9546
1200,Reverse,StringQuickSort,0.148254,33135
1200,Reverse,MSD,0.322915,5834
1200,Reverse,MSD_QS,0.128875,22330
1200,NearlySorted,MergeSort,0.763287,19961
1200,NearlySorted,QuickSort,1.32621,433012
1200,NearlySorted,StringMergeSort,0.806872,13511
1200,NearlySorted,StringQuickSort,0.127345,27311
1200,NearlySorted,MSD,0.256421,5724
1200,NearlySorted,MSD_QS,0.0863576,10671
1200,CommonPrefix,MergeSort,0.80885,327918
1200,CommonPrefix,QuickSort,0.179506,210906
1200,CommonPrefix,StringMergeSort,0.735026,165958
1200,CommonPrefix,StringQuickSort,0.0975472,30528
1200,CommonPrefix,MSD,0.63043,38852
1200,CommonPrefix,MSD_QS,0.435089,40703
1300,Random,MergeSort,0.770456,31696
1300,Random,QuickSort,0.12613,18855
1300,Random,StringMergeSort,0.788004,16032
1300,Random,StringQuickSort,0.103822,14569
1300,Random,MSD,0.238437,5666
1300,Random,MSD_QS,0.101541,7849
1300,Reverse,MergeSort,0.743527,31023
1300,Reverse,QuickSort,2.11996,871030
1300,Reverse,StringMergeSort,0.893057,10341
1300,Reverse,StringQuickSort,0.135686,36999
1300,Reverse,MSD,0.278473,6326
1300,Reverse,MSD_QS,0.132904,24507
1300,NearlySorted,MergeSort,0.657386,22171
1300,NearlySorted,QuickSort,1.71986,553802
1300,NearlySorted,StringMergeSort,0.684248,14873
1300,NearlySorted,StringQuickSort,0.112266,31234
1300,NearlySorted,MSD,0.267301,6196
1300,NearlySorted,MSD_QS,0.122226,11558
1300,CommonPrefix,MergeSort,1.03724,359614
1300,CommonPrefix,QuickSort,0.191075,221604
1300,CommonPrefix,StringMergeSort,0.834179,181650
1300,CommonPrefix,StringQuickSort,0.107971,32472
1300,CommonPrefix,MSD,0.668917,42116
1300,CommonPrefix,MSD_QS,0.491312,44227
1400,Random,MergeSort,0.841024,34745
1400,Random,QuickSort,0.135251,21233
1400,Random,StringMergeSort,0.858601,17595
1400,Random,StringQuickSort,0.0997324,15458
1400,Random,MSD,0.255184,6162
1400,Random,MSD_QS,0.111867,8638
1400,Reverse,MergeSort,0.776305,33444
1400,Reverse,QuickSort,2.37286,1007848
1400,Reverse,StringMergeSort,0.792924,11148
1400,Reverse,StringQuickSort,0.161419,40988
1400,Reverse,MSD,0.331108,6820
1400,Reverse,MSD_QS,0.155774,26168
1400,NearlySorted,MergeSort,0.78335,24173
1400,NearlySorted,QuickSort,1.47274,422974
1400,NearlySorted,StringMergeSort,0.739034,16239
1400,NearlySorted,StringQuickSort,0.120326,35367
1400,NearlySorted,MSD,0.277459,6692
1400,NearlySorted,MSD_QS,0.103237,12530
1400,CommonPrefix,MergeSort,1.40343,391370
1400,CommonPrefix,QuickSort,0.3144,255416
1400,CommonPrefix,StringMergeSort,1.00492,198316
1400,CommonPrefix,StringQuickSort,0.117693,35715
1400,CommonPrefix,MSD,0.696907,45398
1400,CommonPrefix,MSD_QS,0.509487,47786
1500,Random,MergeSort,1.04431,37961
1500,Random,QuickSort,0.177489,22787
1500,Random,StringMergeSort,1.03949,19117
1500,Random,StringQuickSort,0.116864,17969
1500,Random,MSD,0.285816,6674
1500,Random,MSD_QS,0.120901,9417
1500,Reverse,MergeSort,0.850423,36441
1500,Reverse,QuickSort,2.843,1154946
1500,Reverse,StringMergeSort,0.771912,12147
1500,Reverse,StringQuickSort,0.166989,45934
1500,Reverse,MSD,0.326874,7316
1500,Reverse,MSD_QS,0.214431,28143
1500,NearlySorted,MergeSort,0.868596,25695
1500,NearlySorted,QuickSort,1.60995,565730
1500,NearlySorted,StringMergeSort,0.914684,17393
1500,NearlySorted,StringQuickSort,0.153285,39751
1500,NearlySorted,MSD,0.318409,7176
1500,NearlySorted,MSD_QS,0.121535,13511
1500,CommonPrefix,MergeSort,1.10276,424768
1500,CommonPrefix,QuickSort,0.260443,290581
1500,CommonPrefix,StringMergeSort,1.19484,215074
1500,CommonPrefix,StringQuickSort,0.129198,37545
1500,CommonPrefix,MSD,0.795427,48700
1500,CommonPrefix,MSD_QS,0.602454,51341
1600,Random,MergeSort,1.24632,41141
1600,Random,QuickSort,0.154107,25223
1600,Random,StringMergeSort,0.919117,20729
1600,Random,StringQuickSort,0.11097,18053
1600,Random,MSD,0.287764,7156
1600,Random,MSD_QS,0.121268,10113
1600,Reverse,MergeSort,1.00568,39000
1600,Reverse,QuickSort,3.16263,1311809
1600,Reverse,StringMergeSort,0.849495,13000
1600,Reverse,StringQuickSort,0.189083,51345
1600,Reverse,MSD,0.360521,7802
1600,Reverse,MSD_QS,0.180866,29873
1600,NearlySorted,MergeSort,0.953219,27976
1600,NearlySorted,QuickSort,2.04376,716483
1600,NearlySorted,StringMergeSort,0.901266,18698
1600,NearlySorted,StringQuickSort,0.167055,44382
1600,NearlySorted,MSD,0.338447,7680
1600,NearlySorted,MSD_QS,0.123222,14447
1600,CommonPrefix,MergeSort,1.23555,459445
1600,CommonPrefix,QuickSort,0.269368,289021
1600,CommonPrefix,StringMergeSort,1.09874,231369
1600,CommonPrefix,StringQuickSort,0.141686,40404
1600,CommonPrefix,MSD,1.04272,51988
1600,CommonPrefix,MSD_QS,0.678627,54935
1700,Random,MergeSort,1.15448,44158
1700,Random,QuickSort,0.166556,26807
1700,Random,StringMergeSort,1.06925,22306
1700,Random,StringQuickSort,0.122386,18951
1700,Random,MSD,0.397959,7634
1700,Random,MSD_QS,0.195468,10948
1700,Reverse,MergeSort,0.953178,41616
1700,Reverse,QuickSort,3.25186,1478857
1700,Reverse,StringMergeSort,0.91091,13872
1700,Reverse,StringQuickSort,0.230144,57271
1700,Reverse,MSD,0.479365,8286
1700,Reverse,MSD_QS,0.169589,31771
1700,NearlySorted,MergeSort,1.09531,29985
1700,NearlySorted,QuickSort,1.26838,446661
1700,NearlySorted,StringMergeSort,0.953603,20067
1700,NearlySorted,StringQuickSort,0.187157,49457
1700,NearlySorted,MSD,0.367752,8162
1700,NearlySorted,MSD_QS,0.132376,15391
1700,CommonPrefix,MergeSort,1.32401,490045
1700,CommonPrefix,QuickSort,0.290104,323896
1700,CommonPrefix,StringMergeSort,1.10307,247897
1700,CommonPrefix,StringQuickSort,0.144596,44356
1700,CommonPrefix,MSD,0.909445,55280
1700,CommonPrefix,MSD_QS,0.732194,58565
1800,Random,MergeSort,1.1203,47333
1800,Random,QuickSort,0.183858,28639
1800,Random,StringMergeSort,1.18413,23859
1800,Random,StringQuickSort,0.125821,20383
1800,Random,MSD,0.324827,8170
1800,Random,MSD_QS,0.132544,11820
1800,Reverse,MergeSort,0.967453,44709
1800,Reverse,QuickSort,3.73984,1655661
1800,Reverse,StringMergeSort,1.01326,14903
1800,Reverse,StringQuickSort,0.239202,61226
1800,Reverse,MSD,0.42144,8762
1800,Reverse,MSD_QS,0.199989,33634
1800,NearlySorted,MergeSort,1.07151,31511
1800,NearlySorted,QuickSort,1.45335,497331
1800,NearlySorted,StringMergeSort,1.01926,21045
1800,NearlySorted,StringQuickSort,0.222751,54681
1800,NearlySorted,MSD,0.422025,8656
1800,NearlySorted,MSD_QS,0.14213,16251
1800,CommonPrefix,MergeSort,1.36221,524794
1800,CommonPrefix,QuickSort,0.400509,327219
1800,CommonPrefix,StringMergeSort,1.25348,265026
1800,CommonPrefix,StringQuickSort,0.159622,46060
1800,CommonPrefix,MSD,1.18448,58544
1800,CommonPrefix,MSD_QS,0.763999,62247
1900,Random,MergeSort,1.16937,50784
1900,Random,QuickSort,0.208923,32178
1900,Random,StringMergeSort,1.18625,25538
1900,Random,StringQuickSort,0.218197,24433
1900,Random,MSD,0.402519,8698
1900,Random,MSD_QS,0.146204,12586
1900,Reverse,MergeSort,1.04757,47868
1900,Reverse,QuickSort,4.28964,1842773
1900,Reverse,StringMergeSort,1.14904,15956
1900,Reverse,StringQuickSort,0.276145,67359
1900,Reverse,MSD,0.422903,9258
1900,Reverse,MSD_QS,0.211459,35570
1900,NearlySorted,MergeSort,1.17669,33716
1900,NearlySorted,QuickSort,0.737075,284127
1900,NearlySorted,StringMergeSort,0.990097,22398
1900,NearlySorted,StringQuickSort,0.206751,59017
1900,NearlySorted,MSD,0.462701,9144
1900,NearlySorted,MSD_QS,0.209441,17171
1900,CommonPrefix,MergeSort,1.3417,559847
1900,CommonPrefix,QuickSort,0.300186,340167
1900,CommonPrefix,StringMergeSort,1.49742,281875
1900,CommonPrefix,StringQuickSort,0.173787,49526
1900,CommonPrefix,MSD,0.99788,61858
1900,CommonPrefix,MSD_QS,0.75079,65792
2000,Random,MergeSort,2.00788,54000
2000,Random,QuickSort,0.214646,31916
2000,Random,StringMergeSort,1.30149,27116
2000,Random,StringQuickSort,0.148022,23334
2000,Random,MSD,0.38793,9196
2000,Random,MSD_QS,0.153814,13584
2000,Reverse,MergeSort,1.13136,51333
2000,Reverse,QuickSort,5.07718,2040191
2000,Reverse,StringMergeSort,1.21935,17111
2000,Reverse,StringQuickSort,0.393761,74114
2000,Reverse,MSD,0.48523,9740
2000,Reverse,MSD_QS,0.235955,37791
2000,NearlySorted,MergeSort,1.14884,36521
2000,NearlySorted,QuickSort,0.812317,290546
2000,NearlySorted,StringMergeSort,1.20242,23805
2000,NearlySorted,StringQuickSort,0.235948,62031
2000,NearlySorted,MSD,0.453931,9648
2000,NearlySorted,MSD_QS,0.159954,18074
2000,CommonPrefix,MergeSort,1.73382,596489
2000,CommonPrefix,QuickSort,0.349673,374772
2000,CommonPrefix,StringMergeSort,1.62518,299271
2000,CommonPrefix,StringQuickSort,0.241396,51813
2000,CommonPrefix,MSD,1.0454,65164
2000,CommonPrefix,MSD_QS,0.761433,69431
2100,Random,MergeSort,1.44793,57327
2100,Random,QuickSort,0.211568,35605
2100,Random,StringMergeSort,1.58102,28835
2100,Random,StringQuickSort,0.186677,24400
2100,Random,MSD,0.421653,9742
2100,Random,MSD_QS,0.173091,14412
2100,Reverse,MergeSort,1.49972,54132
2100,Reverse,QuickSort,6.25987,2246817
2100,Reverse,StringMergeSort,1.37844,18044
2100,Reverse,StringQuickSort,0.301709,80319
2100,Reverse,MSD,0.619543,10214
2100,Reverse,MSD_QS,0.469276,39458
2100,NearlySorted,MergeSort,1.80943,38917
2100,NearlySorted,QuickSort,0.721518,195859
2100,NearlySorted,StringMergeSort,1.80115,25335
2100,NearlySorted,StringQuickSort,0.311593,69412
2100,NearlySorted,MSD,0.625959,10138
2100,NearlySorted,MSD_QS,0.197072,18823
2100,CommonPrefix,MergeSort,1.87041,629613
2100,CommonPrefix,QuickSort,0.365353,420476
2100,CommonPrefix,StringMergeSort,1.91446,315995
2100,CommonPrefix,StringQuickSort,0.217062,53536
2100,CommonPrefix,MSD,1.08452,68456
2100,CommonPrefix,MSD_QS,1.01633,73082
2200,Random,MergeSort,1.42436,60644
2200,Random,QuickSort,0.24319,36490
2200,Random,StringMergeSort,1.58218,30594
2200,Random,StringQuickSort,0.174922,25400
2200,Random,MSD,0.466135,10244
2200,Random,MSD_QS,0.189284,15319
2200,Reverse,MergeSort,1.61655,56109
2200,Reverse,QuickSort,5.86192,2464176
2200,Reverse,StringMergeSort,1.23045,18703
2200,Reverse,StringQuickSort,0.38888,86852
2200,Reverse,MSD,0.484813,10710
2200,Reverse,MSD_QS,0.319871,41481
2200,NearlySorted,MergeSort,1.26627,41032
2200,NearlySorted,QuickSort,0.350913,145360
2200,NearlySorted,StringMergeSort,1.42518,26892
2200,NearlySorted,StringQuickSort,0.267624,70095
2200,NearlySorted,MSD,0.453073,10592
2200,NearlySorted,MSD_QS,0.168296,19807
2200,CommonPrefix,MergeSort,1.73391,664627
2200,CommonPrefix,QuickSort,0.40086,429393
2200,CommonPrefix,StringMergeSort,1.61696,334365
2200,CommonPrefix,StringQuickSort,0.195546,57606
2200,CommonPrefix,MSD,1.23196,71758
2200,CommonPrefix,MSD_QS,0.862724,76798
2300,Random,MergeSort,1.68485,64038
2300,Random,QuickSort,0.261936,40771
2300,Random,StringMergeSort,1.5072,32224
2300,Random,StringQuickSort,0.203844,26924
2300,Random,MSD,0.651416,10772
2300,Random,MSD_QS,0.199026,16146
2300,Reverse,MergeSort,1.42203,58248
2300,Reverse,QuickSort,6.48669,2690950
2300,Reverse,StringMergeSort,1.43952,19416
2300,Reverse,StringQuickSort,0.326854,92960
2300,Reverse,MSD,0.511309,11204
2300,Reverse,MSD_QS,0.241068,43159
2300,NearlySorted,MergeSort,1.46674,43683
2300,NearlySorted,QuickSort,0.776556,273215
2300,NearlySorted,StringMergeSort,1.34735,28567
2300,NearlySorted,StringQuickSort,0.276976,73182
2300,NearlySorted,MSD,0.487691,11080
2300,NearlySorted,MSD_QS,0.184552,20699
2300,CommonPrefix,MergeSort,1.88711,699020
2300,CommonPrefix,QuickSort,0.425892,443574
2300,CommonPrefix,StringMergeSort,1.71045,351676
2300,CommonPrefix,StringQuickSort,0.288035,59841
2300,CommonPrefix,MSD,1.34652,75062
2300,CommonPrefix,MSD_QS,1.09964,80392
2400,Random,MergeSort,1.80345,67220
2400,Random,QuickSort,0.266665,41065
2400,Random,StringMergeSort,1.72468,33960
2400,Random,StringQuickSort,0.180162,28183
2400,Random,MSD,0.477747,11300
2400,Random,MSD_QS,0.195524,17070
2400,Reverse,MergeSort,1.94148,60921
2400,Reverse,QuickSort,6.60808,2928106
2400,Reverse,StringMergeSort,1.40555,20307
2400,Reverse,StringQuickSort,0.365925,99132
2400,Reverse,MSD,0.626242,11662
2400,Reverse,MSD_QS,0.315093,45253
2400,NearlySorted,MergeSort,1.8101,45112
2400,NearlySorted,QuickSort,0.691474,256405
2400,NearlySorted,StringMergeSort,1.38483,29802
2400,NearlySorted,StringQuickSort,0.343671,92550
2400,NearlySorted,MSD,0.535151,11580
2400,NearlySorted,MSD_QS,0.20495,21628
2400,CommonPrefix,MergeSort,1.89655,732051
2400,CommonPrefix,QuickSort,0.42195,452412
2400,CommonPrefix,StringMergeSort,1.97346,369883
2400,CommonPrefix,StringQuickSort,0.20892,62273
2400,CommonPrefix,MSD,1.34504,78402
2400,CommonPrefix,MSD_QS,0.902371,84070
2500,Random,MergeSort,1.81534,70598
2500,Random,QuickSort,0.328155,42162
2500,Random,StringMergeSort,1.57071,35654
2500,Random,StringQuickSort,0.203415,30151
2500,Random,MSD,0.621877,11824
2500,Random,MSD_QS,0.201424,18000
2500,Reverse,MergeSort,1.50888,63636
2500,Reverse,QuickSort,7.38093,3174827
2500,Reverse,StringMergeSort,1.71929,21212
2500,Reverse,StringQuickSort,0.379058,107191
2500,Reverse,MSD,0.551184,12144
2500,Reverse,MSD_QS,0.272087,46963
2500,NearlySorted,MergeSort,1.5471,47455
2500,NearlySorted,QuickSort,1.22654,658731
2500,NearlySorted,StringMergeSort,1.63463,31403
2500,NearlySorted,StringQuickSort,0.432603,98627
2500,NearlySorted,MSD,0.496931,12080
2500,NearlySorted,MSD_QS,0.181532,22555
2500,CommonPrefix,MergeSort,1.84453,766180
2500,CommonPrefix,QuickSort,0.415034,453133
2500,CommonPrefix,StringMergeSort,1.95676,386880
2500,CommonPrefix,StringQuickSort,0.227446,67472
2500,CommonPrefix,MSD,1.33842,81732
2500,CommonPrefix,MSD_QS,0.977164,87678
2600,Random,MergeSort,1.73875,74096
2600,Random,QuickSort,0.332075,48010
2600,Random,StringMergeSort,2.59599,37388
2600,Random,StringQuickSort,0.202691,31370
2600,Random,MSD,0.537867,12340
2600,Random,MSD_QS,0.207874,18959
2600,Reverse,MergeSort,1.5259,66279
2600,Reverse,QuickSort,7.55708,3431977
2600,Reverse,StringMergeSort,1.69442,22093
2600,Reverse,StringQuickSort,0.689302,115468
2600,Reverse,MSD,0.726799,12640
2600,Reverse,MSD_QS,0.260002,48942
2600,NearlySorted,MergeSort,2.27799,49806
2600,NearlySorted,QuickSort,1.00534,255858
2600,NearlySorted,StringMergeSort,1.49325,32844
2600,NearlySorted,StringQuickSort,0.390078,104451
2600,NearlySorted,MSD,0.586579,12566
2600,NearlySorted,MSD_QS,0.196983,23485
2600,CommonPrefix,MergeSort,2.03603,801752
2600,CommonPrefix,QuickSort,0.499743,560370
2600,CommonPrefix,StringMergeSort,1.88018,404540
2600,CommonPrefix,StringQuickSort,0.264724,71847
2600,CommonPrefix,MSD,1.42513,85020
2600,CommonPrefix,MSD_QS,1.03238,91448
2700,Random,MergeSort,2.77575,77583
2700,Random,QuickSort,0.43438,50899
2700,Random,StringMergeSort,2.27328,39191
2700,Random,StringQuickSort,0.224184,32542
2700,Random,MSD,0.537437,12878
2700,Random,MSD_QS,0.217654,19927
2700,Reverse,MergeSort,1.58559,68655
2700,Reverse,QuickSort,8.33297,3698794
2700,Reverse,StringMergeSort,1.76909,22885
2700,Reverse,StringQuickSort,0.432522,122123
2700,Reverse,MSD,0.583527,13132
2700,Reverse,MSD_QS,0.279914,50659
2700,NearlySorted,MergeSort,1.5497,51936
2700,NearlySorted,QuickSort,0.467453,194895
2700,NearlySorted,StringMergeSort,1.61402,34444
2700,NearlySorted,StringQuickSort,0.39237,103737
2700,NearlySorted,MSD,0.585095,13104
2700,NearlySorted,MSD_QS,0.217909,24538
2700,CommonPrefix,MergeSort,2.14797,836784
2700,CommonPrefix,QuickSort,0.548997,564166
2700,CommonPrefix,StringMergeSort,1.97223,423194
2700,CommonPrefix,StringQuickSort,0.265199,71147
2700,CommonPrefix,MSD,1.64915,88384
2700,CommonPrefix,MSD_QS,1.11694,95021
2800,Random,MergeSort,2.02447,81117
2800,Random,QuickSort,0.333998,52974
2800,Random,StringMergeSort,1.93009,40961
2800,Random,StringQuickSort,0.233166,34317
2800,Random,MSD,0.65174,13422
2800,Random,MSD_QS,0.239616,20770
2800,Reverse,MergeSort,1.75434,71274
2800,Reverse,QuickSort,9.85525,3975899
2800,Reverse,StringMergeSort,1.70354,23758
2800,Reverse,StringQuickSort,0.516261,130860
2800,Reverse,MSD,0.662106,13634
2800,Reverse,MSD_QS,0.31645,52545
2800,NearlySorted,MergeSort,2.19268,53403
2800,NearlySorted,QuickSort,1.76331,466137
2800,NearlySorted,StringMergeSort,1.60148,35449
2800,NearlySorted,StringQuickSort,0.385243,107711
2800,NearlySorted,MSD,0.561544,13574
2800,NearlySorted,MSD_QS,0.238389,25407
2800,CommonPrefix,MergeSort,2.14207,871327
2800,CommonPrefix,QuickSort,0.516295,629424
2800,CommonPrefix,StringMergeSort,2.01806,440533
2800,CommonPrefix,StringQuickSort,0.277416,74976
2800,CommonPrefix,MSD,1.57292,91704
2800,CommonPrefix,MSD_QS,1.11168,98788
2900,Random,MergeSort,1.99274,84455
2900,Random,QuickSort,0.318973,51369
2900,Random,StringMergeSort,1.97368,42683
2900,Random,StringQuickSort,0.240413,35672
2900,Random,MSD,0.705216,13982
2900,Random,MSD_QS,0.253739,21573
2900,Reverse,MergeSort,1.81381,74295
2900,Reverse,QuickSort,9.77778,4263096
2900,Reverse,StringMergeSort,1.9975,24765
2900,Reverse,StringQuickSort,0.554549,137874
2900,Reverse,MSD,0.696407,14120
2900,Reverse,MSD_QS,0.32737,54530
2900,NearlySorted,MergeSort,1.92769,53269
2900,NearlySorted,QuickSort,0.559828,242769
2900,NearlySorted,StringMergeSort,1.78459,36189
2900,NearlySorted,StringQuickSort,0.438332,114777
2900,NearlySorted,MSD,0.618985,14078
2900,NearlySorted,MSD_QS,0.229004,26326
2900,CommonPrefix,MergeSort,2.37757,910207
2900,CommonPrefix,QuickSort,0.549285,602156
2900,CommonPrefix,StringMergeSort,2.17746,459093
2900,CommonPrefix,StringQuickSort,0.283689,76285
2900,CommonPrefix,MSD,1.65558,95058
2900,CommonPrefix,MSD_QS,1.19598,102545
3000,Random,MergeSort,2.27019,88336
3000,Random,QuickSort,0.345824,55800
3000,Random,StringMergeSort,2.10507,44446
3000,Random,StringQuickSort,0.263073,38776
3000,Random,MSD,0.82423,14510
3000,Random,MSD_QS,0.263203,22377
3000,Reverse,MergeSort,1.97092,77130
3000,Reverse,QuickSort,10.6176,4559921
3000,Reverse,StringMergeSort,1.87293,25710
3000,Reverse,StringQuickSort,0.575312,146944
3000,Reverse,MSD,0.710232,14578
3000,Reverse,MSD_QS,0.339897,56318
3000,NearlySorted,MergeSort,1.81967,54747
3000,NearlySorted,QuickSort,0.863219,294022
3000,NearlySorted,StringMergeSort,1.79626,37335
3000,NearlySorted,StringQuickSort,0.448201,114440
3000,NearlySorted,MSD,0.669259,14584
3000,NearlySorted,MSD_QS,0.2179,27209
3000,CommonPrefix,MergeSort,2.63206,946562
3000,CommonPrefix,QuickSort,0.541718,572131
3000,CommonPrefix,StringMergeSort,2.26508,477364
3000,CommonPrefix,StringQuickSort,0.306801,80605
3000,CommonPrefix,MSD,1.73975,98428
3000,CommonPrefix,MSD_QS,1.23587,106267
